text,label,type,subreddit
Toby is “in his bag” this morning 👀,,comment,r/SportsBook
"record: 0-0 game: Bluejays vs Athletics 7:07PM ET Bluejays ML write up: looking for another great day of betting tomorrow, i’m hammering bluejays ml. bluejays, last season, had a slugging percentage of .427 and they averaged 4.93 runs per game which is 4th in the league. On top of that, they were called out on strikes a total of 1,099 times which translates to 29th in the league and had a total of 1,461 base hits. Basically the bluejays will out hit the athletics while also keeping S/O to a minimum.",,comment,r/SportsBook
"If he plays, I’ll be the first to congratulate him",,comment,r/SportsBook
I'm so sick of the fuckin blue jays.,,comment,r/SportsBook
"Just a reminder, the court won't be so fast today because of the weather. Good luck.",,comment,r/SportsBook
What does «SOL» mean?,,comment,r/SportsBook
What happened to Dosunmu. Started off well 1st qtr but stats pretty much the same at half time,,comment,r/SportsBook
Thank you Tommy for the choke and saving the over.,,comment,r/SportsBook
"Incredibly, I can still cash out my $2 pre-tournament Arizona championship bet for 98 cents. Would you claw those pennies back? I've also got a $2 get on Michigan to take the title, and went heavy on them winning this game.",,comment,r/SportsBook
Where you seeing this? His props are still on FD,,comment,r/SportsBook
Tatums out now.. fuck sake,,comment,r/SportsBook
Nasty ass hook on wemby 35,,comment,r/SportsBook
Michelsen playing great.,,comment,r/SportsBook
3 more points from Clingan and we good.,,comment,r/SportsBook
hopefully they continue to do that,,comment,r/SportsBook
Genuine bunch of chimps on the rockets. No wonder KD is flaming all these clowns. Jabari and Tari Eason are straight buns bro,,comment,r/SportsBook
I think I found my new calling. Woman’s cbb,,comment,r/SportsBook
Square fest continues. UCONN is pathetic.,,comment,r/SportsBook
Saif Sayoud and Adrian Yanez Yanez about to finish Simon,,comment,r/SportsBook
Starting the season 1-2 AT HOME to the nats is a new low chicago,,comment,r/SportsBook
Last two games from blue jays been rough,,comment,r/SportsBook
vinny gonna be the death of me,,comment,r/SportsBook
I’ve got to start betting points only. Watching players get rebounds and assists taken away night after night is brutal. Especially when you actually watch them grab a rebound and it gets changed to a “team rebound”. Corrupt af.,,comment,r/SportsBook
Damn bro what a ticket,,comment,r/SportsBook
Whoever is saying the whole world is on UCONN is full of ass water… just texted my offshore bookie and he said the book overall is 85/15 on the Illini VSIN also keeps pushing these pro Illini betting stats… it’s UCONN ML for everything,,comment,r/SportsBook
Na the plan was for nugs to win by 2 so live spreads are fuckdd,,comment,r/SportsBook
"He lost it, no love for the game",,comment,r/SportsBook
What I’m rolling with tonight,,comment,r/SportsBook
What I’m rolling with. I was 5-0 on my first five picks yesterday that weren’t posted. Trying something new.,,comment,r/SportsBook
Ez pz. Zarazaua was so cooked in her singles ran out of gas for doubles. Nice when it works out,,comment,r/SportsBook
I stand corrected! Thanks for sticking with us and for the dub! That first half was so rough but I appreciate you bro!,,comment,r/SportsBook
He’ll win but i doubt he covers,,comment,r/SportsBook
"I still don't understand this. Are you saying they are bad at obtaining defensive rebounds? Or are you saying that they don't get offensive rebounds because of their play style? Because I honestly don't know that either is true, unless you're using some other metric.",,comment,r/SportsBook
What book are you able to parlay tryscorers? Can't do it on DK or FD.,,comment,r/SportsBook
(record 25-11) +18.55 units azamat bekoev & lando vannata parlay -149 (1u) guilherme pat -108 (1u) alice pereira -122 (1u) viddal riley -350 (3.5u) 🥊,,comment,r/SportsBook
"Come on kid, get this.",,comment,r/SportsBook
Hubby is lying to you about profits,,comment,r/SportsBook
Where is everyone? Was opening day that bad ? 😂,,comment,r/SportsBook
Hang in there St Johns,,comment,r/SportsBook
"Ok, I’m no longer upset about that $200. I’m riding with God. ☝️ great win brethren!",,comment,r/SportsBook
Gurrero’s fat useless ass going to banned list first this year,,comment,r/SportsBook
Crazy that we live in a world where the ones you whine and complain constantly and accuse everything of being fixed are seen as decent behavior but promoting positivity is not! Wow! by the way Zverev in 2. youll thank me later,,comment,r/SportsBook
The games in Boston tonight!,,comment,r/SportsBook
"I am taking Wemby 45+ PR today (there's an FD 25% straight bonus, too, if you have it the bet comes out to +200). I think he is still in making his case for the MVP mode, and he knows how important the optics are of having a huge one against Jokic and company. I don't usually bet based on narratives like this, but I think this one is real and he's going to be trying to show out.",,comment,r/SportsBook
2-5 Brew crew TT 03.5 Brew crew -1.5 Rays +1.5 alt U 9 Rockies +1.5 Phillies ML O 7.5 *** spicy LAD TT O 4.5 U 9,,comment,r/SportsBook
Yea she better win breakers or she done,,comment,r/SportsBook
Cal is banned. For real this time 😂,,comment,r/SportsBook
That was my biggest play today…,,comment,r/SportsBook
Faded Ayo and doubled up on Jenkins. Good thing it paid off,,comment,r/SportsBook
Mine only had corner spreads. I took Ly -3 first half. Hope that's what you meant 😄 -110 odds,,comment,r/SportsBook
Halftime bet? Nice hit regardless,,comment,r/SportsBook
"Really really good pick, only got offered +9.5 corners in the match but it was a sweat free one, i’ll keep an eye on lyon next matches",,comment,r/SportsBook
Shit. Freeman was a foot away from a 2 run shot.,,comment,r/SportsBook
"I can see where you’re coming from, especially with a brutal first game against the Giants. I really like Márquez today because he is dominant against the Pirates hitters. I also like the Over though so good luck!",,comment,r/SportsBook
"I feel the same way, bro",,comment,r/SportsBook
Where do you predict the total landing?,,comment,r/SportsBook
HR PARLAY still in play - Rice ✅ - Salvy P - Shohei 🙏🏼,,comment,r/SportsBook
"I will say, I do like the fact that all the games tonight start at 710. No waiting for the late night west coast games to finish to see if you hit your parlays or not",,comment,r/SportsBook
9th inning clutchness lol,,comment,r/SportsBook
I didn't say anything factually wrong. You just said some bullshit about billionaires and taking positions that made no sense. This guy is a poor person buying lottery tickets. He needs to hedge. Stop being a douche.,,comment,r/SportsBook
KBO NPB CPBL Betting and Picks Daily Discussion - 4/3/26 (Friday) Thumbnail: self,,post,r/SportsBook
I thought we were going Knicks as POTD?,,comment,r/SportsBook
"good start for today, hoping for some bangers!",,comment,r/SportsBook
![gif](giphy|U690zgM8p84c2EVnIc),,comment,r/SportsBook
"Aberg imploding when it matters most, this is still winnable bro lock in, 27 holes and a dream",,comment,r/SportsBook
Will you take his 4+ at 2.5?,,comment,r/SportsBook
"Hell yeah, thanks for the pick",,comment,r/SportsBook
"Eduardo Rodriguez U16.5 recorded outs, tail it boys!",,comment,r/SportsBook
just dropped a fucking bag on the ducks and the flames score instantly gg,,comment,r/SportsBook
Cavs already giving up with 12 minutes left….UNFUCKINGREAL!,,comment,r/SportsBook
9:19 tip? Time for a power nap,,comment,r/SportsBook
"Looks exactly like him, unbelievable",,comment,r/SportsBook
I like Fils too. Don't think Tommy can hang at all eh brotha?,,comment,r/SportsBook
WHAT THE FUCK Duke!? No way haha.,,comment,r/SportsBook
"Hindsight's 20/20, but I have NO idea why UCONN were dogs in that game. Better coach, 2-time Natty winners, and just beat a great Duke team.",,comment,r/SportsBook
Ay bro you’re not the only one that’s feeling like shit. Keep your head up. I keep getting fucked with unlucky shit. Whereas my friend keeps texting me with the luckiest wins ever for the past month straight. Recent example is UConn coming back from 20 to beat Duke because the boozer twins are some idiots. Shit is infuriating,,comment,r/SportsBook
"Some love Brasileirão action! This was free money, amazing find and good hit. Caught it too late unfortunately",,comment,r/SportsBook
Tell me about it. Like even the games that weren't had some stinking ass performances that also fuk'd up people's money,,comment,r/SportsBook
In game on he spreads. Made a lot during the NCAA,,comment,r/SportsBook
La spankala assa!!! VAMOS,,comment,r/SportsBook
:( last leg was Scottie Barnes dub dub,,comment,r/SportsBook
Poor jays😂😂 -1 was a nice snag for +300,,comment,r/SportsBook
Both teams were tied or leading at some point until they weren’t. Super close,,comment,r/SportsBook
This is that craziest dumbest shit I ever seen. Congrats🤣,,comment,r/SportsBook
"Based from looking around this thread, tomorrow’s lines are ASS. I cant trust -22.5 for OKC, and even ML for HOU.",,comment,r/SportsBook
Kelvin Sampson just cant win. Feel bad for the dude,,comment,r/SportsBook
This is torture. I don’t know why I love this shit.,,comment,r/SportsBook
How confident are you 1-10?,,comment,r/SportsBook
"Well considering that the entire comment is my opinion, I’d say I’m pretty qualified to determine what I consider a small amount of money.",,comment,r/SportsBook
Some people thought that Ruchala had won the first rd.,,comment,r/SportsBook
He did MLB this morning,,comment,r/SportsBook
Ahh misread your post. Thought it was game total not team total haha my bad homie. Gotta read the fine print I guess 😂,,comment,r/SportsBook
Holliday has had 13 points since halftime… but ball hog Scoot Henderson is preventing him from taking a shot,,comment,r/SportsBook
The fact that you get chat requests after a loss is sad asf LOL,,comment,r/SportsBook
Aliens tend to make basketball hard,,comment,r/SportsBook
Please just 1 run giants to cover +6.5,,comment,r/SportsBook
BOL! (I hit this when you said you were debating 😂) 🫡🙏🏻,,comment,r/SportsBook
I have these two ML’s in a parlay. $500 to win $525,,comment,r/SportsBook
&gt;**Record:** 861-831 &gt;**Net Units:** +320.26 units &gt;**Curling** | **Men's Worlds** &gt;**Picks:** 0.5u Scotland -1.5 @ 1.68 4:00PM EDT 1u Switzerland -1.5 @ 2.25 4:00PM EDT 3.5u Japan ML @ 2.45 4:00PM EDT,,comment,r/SportsBook
Pens spread islanders spread flyers over in pistons game,,comment,r/SportsBook
i have a 3 leg with soto and everyone else hit a double so far so hes probably hitting one to the wall,,comment,r/SportsBook
Locked in on TWolves ml,,comment,r/SportsBook
I put $10 on them when they were inning 6 and losing 7-3. Odds were +900,,comment,r/SportsBook
This is the wta fest like last night,,comment,r/SportsBook
3rd rebound they’ve taken away from Hart. Thats a wrap for me folks. See y’all during football season.,,comment,r/SportsBook
Flemings overrated . Lottery pick my ass.,,comment,r/SportsBook
The Early games Due parlay,,comment,r/SportsBook
"Hell yeah, thanks for the pick",,comment,r/SportsBook
"It's funny how guys on NBA thread were always rooting for the baseball just to come back, but betting on this sport is just dogshit. Nothing comes close to it. Cubs match was literally over in 1st inning, cost me 300 euros and yesterday Red Sox fuck me up for 500 euros. Probably never gonna open baseball section ever again. You guys have fun.",,comment,r/SportsBook
"Risky, considering all of McKinney's fights end inside the distance. Dude really gas himself out looking for a finish.",,comment,r/SportsBook
I love how Vasi has a 2.31 gaa and the second I take bolts he gives up 2 in the 1st period lmaoo,,comment,r/SportsBook
"I’m saying Pat 1,2 - Peterson 3. I also have money on Pat so might be a bit biased",,comment,r/SportsBook
Is that what you degenerates would do?,,comment,r/SportsBook
"holy fuck i thought she died, never seen such a brutal KO to choke transition",,comment,r/SportsBook
Suck my fat fucking cock Houston,,comment,r/SportsBook
"I live in South Carolina, and also plan to bet against the Rockies every day.",,comment,r/SportsBook
"whyd you delete your comment? 😂😂 because i said you are a 5ft 5, 31 year old? nothing to be ashamed of",,comment,r/SportsBook
Desparately need OT for this Mavs game. Need some RAs for Flag and Draymond,,comment,r/SportsBook
"Judge and Ohtani homer, I'm fucking wet.",,comment,r/SportsBook
Jokic 10 first quarter now he still has 10 almost end of second,,comment,r/SportsBook
Man this is just pathetic from Houston,,comment,r/SportsBook
I have zero idea how the golden knights are favored,,comment,r/SportsBook
Marlins pitcher got Yankees ML. Too obvious,,comment,r/SportsBook
Illinois can board and gets easier shots. Seems like a matter of time.,,comment,r/SportsBook
"Lol this dude is a troll he hasn’t said one thing that’s made any sense the whole thread. I asked what pelicans ML was when they were down 15 earlier and he said +35000, then said +350.",,comment,r/SportsBook
"Yeah, me too. I fear Jiri is done.",,comment,r/SportsBook
"With how Coco has been serving, the last couple months. I don't even understand how she gets a set, hby?",,comment,r/SportsBook
About to live bet dodgers.,,comment,r/SportsBook
"wow, the rare stephen kwan homer while everyone else cucks me",,comment,r/SportsBook
"Yeah, I didn’t touch Alt. Figured he’d be gassed.",,comment,r/SportsBook
We've created a betslip for your bet! [Best Odds: -145]( Available on 11 platforms. [Place this Bet](,,comment,r/SportsBook
Because it's a stupid answer to the question.,,comment,r/SportsBook
Ayeeeee let’s go. This under 7.5 in Yankees mariners gonna lose in the 9th. Par for the fuckin course for me,,comment,r/SportsBook
"Uconn-ND game under 115, and ND +18.5 what do yall think?",,comment,r/SportsBook
I've been taking it on the chin the other days but in the long run I'm good at this 😎,,comment,r/SportsBook
Thank god I woke up late after the Tiafoe/Sinner game started…had some dumb thoughts on maybe betting on Tiafoe +7.5 or whatever by adding it to a parlay…😂,,comment,r/SportsBook
PotD Record **:** **35** W **-** 21 L Net Profit **:** **+15.7** units Previous Pick **:** Monte ML - win Form **:** ✅✅✅❌✅❌❌✅✅❌✅✅✅✅✅✅✅✅❌✅✅✅❌✅❌❌❌✅✅✅❌✅✅✅❌✅❌❌❌✅✅❌✅❌❌❌✅✅❌✅✅✅✅✅❌❌ Event **:** Counter Strike **|** Draculan **|** Aurora vs Alliance Pick **: Aurora -1.5 map handicap |** 2 units **@ 1.94 odds** Reasoning **:** pretty much similar situation to yesterday. alliance have never played a top 10 team. should be a hard match for them.,,comment,r/SportsBook
Still don’t trust Zona,,comment,r/SportsBook
"Suns are the better team and sneaky in the 4th. I just can’t be fake sharp here. Threw in pistons, knicks, and bucks too f it.",,comment,r/SportsBook
"We just don't know how much this is for the OP's bankroll. If they have a $200k+ bankroll, hedging is unnecessary even at a few thousands of a percent. But if it's smaller that's definitely a choice",,comment,r/SportsBook
I bet soccer on UD regularly and they are very late/behind on tracking stats and usually will update correctly hours after the game ends. Their live tracking can be very spotty even for top 4 sports.,,comment,r/SportsBook
"Peggy is fine, what's your boyfriend's name?",,comment,r/SportsBook
"i'm sorry man, everytime i tail you it losses i'm literaly 3/3 losses. it's my fault.",,comment,r/SportsBook
MN WILD 1ST ROUND EXIT,,comment,r/SportsBook
All he does is tiafuck me,,comment,r/SportsBook
cavaliers shitting rn,,comment,r/SportsBook
I stg if Naz Reid can’t touch 10 imma never look at his props again lmao,,comment,r/SportsBook
"I’ve bet caufield yesterday, so close but he scored in shoutout haha. he will make it today",,comment,r/SportsBook
Dallin Watene Zelezniak ATTS,,comment,r/SportsBook
Ayo 4 RA and about to be subbed out the entire 4th. Actually can't make up how bad these players play when I have $ on them. Insane,,comment,r/SportsBook
Houston is the definition of a fist round exit team,,comment,r/SportsBook
Riding with ya . LFGGG / BOL .,,comment,r/SportsBook
"it can make sense depending on how their rules define official action, some books treat run line bets differently in shortened games if the full innings requirement isn’t met.",,comment,r/SportsBook
Jokic for 20 points at +360 looks so tempting 😅,,comment,r/SportsBook
Entire season? Man its only 7th game of the season commng from mlb wc now getting out run by the second worst team from last yr,,comment,r/SportsBook
Should I cash out my jays,,comment,r/SportsBook
I hit the Rockies +1.5 pregame. You in it?,,comment,r/SportsBook
Breakeven means no winning as well,,comment,r/SportsBook
Been a rough stretch after a blistering start. Tail with caution. I do really like these today though. Seems to be a rough patch for most. Let's hope it turns for everyone. BOL DAILY DOUBLE Brice Turang o0.5 hits Chandler Simpson o0.5 hits Parlay (+110) DD: Ben Rice o0.5 hits Xavier Edwards o0.5 hits Parlay (+115) PARLAY: (also taking them as straights) Xavier Edwards o1.5 HRR/ Rice o1.5 HRR/ Y. Diaz o1.5 HRR (+600),,comment,r/SportsBook
Will Flagg get 5 more PRA?,,comment,r/SportsBook
I like this one as well. Fade Foe mode activated.,,comment,r/SportsBook
are we riding Skenes for 6ks?,,comment,r/SportsBook
The comments in these “cash out” threads just show how stupid most sports bettors really are and underscores why the books are so profitable.,,comment,r/SportsBook
"Haha. I was feeling really bad about my picks…still don’t feel great. But Pickswise.com went 3-10 on baseball so far today. Shit is hard. Gonna keep picking and posting, but tail (or fade) on your own cognizance.",,comment,r/SportsBook
No just terrible. She’s getting smoked bc she can’t serve,,comment,r/SportsBook
which LLM and prompt do you use?,,comment,r/SportsBook
I just jinxed myself lol. Tale as old as time.,,comment,r/SportsBook
Astros are so random lol,,comment,r/SportsBook
Was just going to say!,,comment,r/SportsBook
It’s still early. I hope the Phils can hold this spread.,,comment,r/SportsBook
**Parlay 2** hooked by .5 from Jaylen…,,comment,r/SportsBook
KKR ain’t chasing so we unlucky there. Run outs is too random to call mate I like your analysis but yeah not touching that. Surya isn’t in form at all but that line is super low could work but I’m staying away from player props this game only thing I might touch is Vaibhav over 1.5 wickets for a high risky low unit bet,,comment,r/SportsBook
my bad replace it with 35.5 PRA on jalen brunson,,comment,r/SportsBook
"Poppin in here again, I like Altuve HR +550 tonight, he hit well at Sutter last season and had a few homers at that park. Altuve’s priced as low as +340 (MGM) on my end so I see +550 as good value. Astros righties in general aren’t a bad option in this matchup imo.",,comment,r/SportsBook
Bum ass sale and skenes. Dealing but not really dealing.,,comment,r/SportsBook
"I'm so happy right now. My ladder play was up to 10 assists, he just cashed 11 in the 3rd quarter. Knew I caught Vegas with their pants down on this one, though I didn't expect Magic to get blown out like this.",,comment,r/SportsBook
LOL Italy.. again...,,comment,r/SportsBook
Thanks to judge getting those 3ks for us lol,,comment,r/SportsBook
"Brewers -1.5 at +145 is the best line I've seen today. KC's pitching situation is rough and Milwaukee's offense has been rolling. Also watching Astros/Athletics, the A's looked dangerous at home last night.",,comment,r/SportsBook
"I'm on the match never being played unless they move it to an indoor venue someplace nearby...It's literally raining nonstop *the next 3 days straight,* could honestly put up a makeshift roof in that time smh this is suuuuch bullshiiiit",,comment,r/SportsBook
Curry is so fucking nice🥶,,comment,r/SportsBook
Pelicans +8.5 -110 1u ✅ my only NBA bet today. Let’s continue!,,comment,r/SportsBook
Right lol... Pj hasnt scored in 3 qtrs,,comment,r/SportsBook
We've created a betslip for your 3 bets! [Best Odds: +224]( Available on 13 platforms. [Bet now](,,comment,r/SportsBook
"Whats the next play dogg, who else is guna win easily?",,comment,r/SportsBook
Ugo serving has improved at least,,comment,r/SportsBook
"You’re the GOAT! Took Giddey, Tatum, and Filipowski in a parlay piece 🔥",,comment,r/SportsBook
Not liking much today tbh. Mainly looking at Melo and Daniss lines for now. Feel like Pels Pistons could stay more competitive than folks think. Daniss b2b coming off 45 minute OT game though.,,comment,r/SportsBook
They got the 2nd half if they can go into halftime down by 10 at least,,comment,r/SportsBook
Small loss if u staked 1u each. Bad luck 2 of the losses. + i made a mistake in the veto projections. Need to improve on that tomorrow,,comment,r/SportsBook
UNDER GANG WE DID IT. SWEAT FREE….,,comment,r/SportsBook
"yeah, I got massively fucked last night",,comment,r/SportsBook
firing a single bullet on Thorbjornsen. B365 has him boosted to 41.00,,comment,r/SportsBook
"That open court miss, felt like shit",,comment,r/SportsBook
What is your unit staking on HR picks?,,comment,r/SportsBook
"I'm embarrased to say, but somehow I managed to lose twice on Griekspoor. I'm just worst gambler of all time. Had 50 euros on parlay Cocc +1.5 sets and Griekspoor ML. After the first set and down 15 40 in the first game of the second set I cashed out for 33 euros. So Griekspoor breaks him and starts playing way better so I take those 33 euros and put on Griekspoor ML at +100, hahaha. Now I will lose that too 🤣🤣",,comment,r/SportsBook
3-1 and its still pick em odds lmao,,comment,r/SportsBook
Never bet on a team with nothing really to play for and -500 odds,,comment,r/SportsBook
Anyone like MIA +151 today? Last time Pèrez pitched against NYY,,comment,r/SportsBook
Anyone touching the WVU or Baylor game ?,,comment,r/SportsBook
Lets keep it going come share your plays! Made another option since we are in limbo,,post,r/SportsBetting
"Straight clown, he deleted the post too.",,comment,r/SportsBetting
We've created a betslip for your bet! [Best Odds: -125]( Available on 14 platforms. [One-click bet](,,comment,r/SportsBetting
If you can sacrifice 50usd for daily parlays please thank me later. [,,comment,r/SportsBetting
No one crying here. Can’t think of anyone who would want to follow this cringe shit brother.,,comment,r/SportsBetting
Laker rocket piston thunder yankees(mlb) for sure . Thanks me later buddy,,comment,r/SportsBetting
🤑😎✅ better luck next time bub,,comment,r/SportsBetting
We've created a betslip for your 17 bets! [Add to Betslip](,,comment,r/SportsBetting
Except you’re doing this multiple times a day 🙃,,comment,r/SportsBetting
Just use basebal savant,,comment,r/SportsBetting
don’t chase that win,,comment,r/SportsBetting
1st Qtr Live Thank Goodness for OT !,,post,r/SportsBetting
"Fair 😂 I see the replies from the request, hopefully in a week or 2 you'll have a better chance But good luck for next time",,comment,r/SportsBetting
👀 damn dawg ain’t seen ur name in a MINUTE,,comment,r/SportsBetting
Happy Opening Day Give me a follow for daily data sheets. BvP + HH % for early season.,,post,r/SportsBetting
This isn’t such a crazy play. Pelicans have been playing much better recently and have been good at covering the spread. I think a better play would be Pelicans +8.5 but they definitely have a chance here.,,comment,r/SportsBetting
Point is why be jealous when you dont know what that person's situation is just from the amount they bet. What if man took out a loan trying to chase. I could be thinking extreme but just cause someone betting big money dont mean they have all this extra cash just lying around Okay so anyone betting large amounts automatically means they just have all this excess disposable cash lying around lol.. this sub something else,,comment,r/SportsBetting
Look at aaron judge everyone put money on him and people still gonna put money on him 🤣,,comment,r/SportsBetting
Wednesday: If You Love a Quick Sweat Bet 🙂,,post,r/SportsBetting
This sub is fucking dead.,,comment,r/SportsBetting
Literally took this because he was a lead off hitter and noticied they were hittin HRs today what luck,,post,r/SportsBetting
You sound angry mate. Have a better day,,comment,r/SportsBetting
I bought up to +22.5,,comment,r/SportsBetting
Damn. As soon as this dude took over for massive clue it’s been massive losses,,comment,r/SportsBetting
How confident are you?,,comment,r/SportsBetting
Grazie. I took a light over where it's around - 300 on fd @ 133...i think? Anyway it's parlayed as the last leg so hedging is always cheap and fun. Good luck!,,comment,r/SportsBetting
Man post some picks😂!,,comment,r/SportsBetting
I love what you post but you should create a a post we can make some money on,,comment,r/SportsBetting
Turkey hit let's see the other ones gl,,comment,r/SportsBetting
"180$ UP TODAY ✅. Here is another straight, but soccer and live",,post,r/SportsBetting
NBA Player Props vs Matchup,,post,r/SportsBetting
NBA Thursday Best Bets! Player Prop and Spread Picks for Thursday March ...,,post,r/SportsBetting
We've created a betslip for your 13 bets! [Best Odds: +5049]( Available on 14 platforms. [Direct to Betslip Link](,,comment,r/SportsBetting
We've created a betslip for your bet! [Best Odds: -109]( Available on 12 platforms. [Auto-fill Betslip](,,comment,r/SportsBetting
lol yeah I laugh at some of the link requests I see (like a bet that is just a single leg),,comment,r/SportsBetting
"The app is 38-18. Todays Two Picks: **Evan Mobley over 12.5 RA & DBook 25+ Points.** I was getting heat yesterday so we'll make it very simple: **Take as straights for 1.0 Units each** **Take as a parlay for 0.5 Units** Love these plays today, BOL gang!!",,post,r/SportsBetting
Yeah that might be the dumbest bet I've ever seen,,comment,r/SportsBetting
"DraftKings has been solid for me - their interface is pretty clean and withdrawals usually hit my account within 24 hours. Fanduel's promos are decent but I've had slower cashouts there. Caesars might be worth checking too, they've got some solid deposit bonuses right now and the app doesn't crash as much as it used to. Just make sure whatever you pick has good customer service because you're gonna need it eventually lol.",,comment,r/SportsBetting
"MLB for sure. Sweet 16 lines are sharp as a razor by the time they open -- too much public money and too much historical data on every team. Early MLB is where the value is. Books are slow to adjust, pitching data is thin, weather matters, and the public is barely paying attention yet. First two weeks of the season historically have some of the softest lines of the year.",,comment,r/SportsBetting
Cheers! I am tailing!,,comment,r/SportsBetting
"Id say so, what u got for tom",,comment,r/SportsBetting
lol yup i will never understand people who charge for picks,,comment,r/SportsBetting
Currently thinking Juan Soto atm.,,comment,r/SportsBetting
Appreciate you dawg. I will get them.,,comment,r/SportsBetting
"Spoken like a jealous hater as always. It's called discipline and knowing what the hell you're doing. been it this way 28 years now. When you hit over 60% on your top plays, the rest falls into place. That's why i have about 10,000 followers on here and elsewhere and many have followed now 2, 3, 4 and 5 years daily!",,comment,r/SportsBetting
"🏒 🥅 Full Slate 25-Leg - 03/26 My full slate lotto for the night. Trying to take the safest alt puck lines and alt totals across all of the games. Doubt it will fully resolve, but who knows 🤷‍♂️",,post,r/SportsBetting
"im the opposite, when i use analytics i stumble but when i go with my gut i have been right more often than not. but again i just bet for fun so i constantly just bet $2-$5 amounts i do not play in that elite level where people are betting rent level money in one go",,comment,r/SportsBetting
You will have to stop gambling then.,,comment,r/SportsBetting
The only people I touch on reddit are the guys that have positive ROI on POTD.lol,,comment,r/SportsBetting
"Choosing Diamondbacks is certainly a choice. They went on like an 11-0 winning streak to start the year last season, I’d imagine we’ll see something similar. They didn’t use Edwin Diaz last night so good chance he’ll play tomorrow.",,comment,r/SportsBetting
don’t chase that win,,comment,r/SportsBetting
Bro if you’re gonna do a 25 legger throw $1 on it. You wanna give away $50+ just like that?,,comment,r/SportsBetting
I saw this and found it hilarious. Im not laughing anymore,,comment,r/SportsBetting
"You dont understand bro Youre better leaving it off, esp on a RR",,comment,r/SportsBetting
"Same, is follwing “Leguppicks” guy, the method. lol",,comment,r/SportsBetting
haha it was Will Benson 2+HR and Salvy 2+HR +162300 🤯 --- I'm going for another 2 leg 2 hr this season 🦾,,comment,r/SportsBetting
im sorry i jus wanna kill miami coach,,comment,r/SportsBetting
Please bless this Yah🙌🏾,,comment,r/SportsBetting
Welp thought i had one,,post,r/SportsBetting
These were free bonus bets. I usually play units of 500-2000$,,comment,r/SportsBetting
This is a donation. The odds of 3 players having triple doubles in one night are far and wide.,,comment,r/SportsBetting
FanDuel is trash that’s why,,comment,r/SportsBetting
We've created your betslip with 20 of 25 bets found [Auto-fill Betslip](,,comment,r/SportsBetting
Nah he won 10 on the dot ; only scored 2 in the second half of a tight game 🤦🏻‍♂️ 😂,,comment,r/SportsBetting
"Is this a law for every state? Is it just over x300 your money or does total amount won matter? I won a x400 bet in football season but the payout was only $1,200. Bet 365 didn't with hold anything and I've got a couple judgements against me.",,comment,r/SportsBetting
Btw 9k gives you 13.50$ in fancash lmfao !! Bruh that should be illegal holy xrap,,comment,r/SportsBetting
"Unfortunately I do, it's not a sport, it's an event, like chess, there is no physical exertion, just mind games...they don't even break a sweat...sports, you break a sweat! Its people like you, who can easily do it, think it's a sport, because you can't do a real sport🤣😂",,comment,r/SportsBetting
Exactly. Ty ty Sad he fell off so hard atleast for Indians/guards,,comment,r/SportsBetting
"Cashback Offer For Tomorrow💸 I’ve got a free parlay for you: • Nigeria Double Chance • Austria ML • Fils ML If it doesn’t cash, I’ll give you cashback! DM me if you’re interested in a free parlay.",,post,r/SportsBetting
Enough with the spamming,,comment,r/SportsBetting
Hooper and Adesanya both Ls,,comment,r/SportsBetting
I made a new community Seach sportswagerslips,,comment,r/SportsBetting
"WTH! Thanks for breaking it down, when you do the math like that, it's kinda wild. $8000 in bets to clear a $200 bonus? That's insane. It just feels like a scam most of the time, good to know my frustration isn't totally off base.",,comment,r/SportsBetting
La over Cleveland. Missed the under and more,,comment,r/SportsBetting
"Should I post again? I thought I was the only one so stopped, may bring it back tonight since others can",,comment,r/SportsBetting
Only in America does the government come after you for owing them money??,,comment,r/SportsBetting
"That’s kinda wild lol, I would’ve expected at least a few bucks too. I’m still new to these promos but the “share of a pool” part always sounds better than it actually ends up being. Didn’t realize that many people were entering though, that explains the 80 cents real quick. Still kinda cool you hit it though, even if the payout is basically nothing. Did they at least show how many winners there were or just the amount?",,comment,r/SportsBetting
"Wow... That looks good, if it all goes well, vegas will be your mate",,comment,r/SportsBetting
"need more context -- which teams are you looking at? Opening day ML odds can be all over the place, books are still adjusting to spring training data vs regular season expectations.",,comment,r/SportsBetting
Soooo...no more handies???,,comment,r/SportsBetting
I've found that first quarter spreads are also good for betting underdogs,,comment,r/SportsBetting
We've created a betslip for your 12 bets! [Best Odds: +3938]( Available on 11 platforms. [Bet in 1-click](,,comment,r/SportsBetting
"I live in TN and would usually pick them, but iowa state has looked extra good lately, so I mostly picked them. On the duke game I had a feeling they will either blow st johns out or lose, ie not win by a small margin.",,comment,r/SportsBetting
"dude's probably some wannabe tipster who talks a big game but can't hit water if he fell out of a boat. seen way too many of these self-proclaimed ""experts"" who charge for picks then disappear when they go cold.",,comment,r/SportsBetting
"Little late for that isn't it lol, where are POTD going to start being posted now?",,comment,r/SportsBetting
"Bro that wagering requirement is pretty steep for a $100 deposit, usually see like 1x or 2x rollover not 5x. Those 5-leg parlays gonna be tough to hit consistently - maybe try mixing some safer bets with longer shots to balance the risk",,comment,r/SportsBetting
I had hope at the end but still sold. Watch tomorrow they get over smh,,comment,r/SportsBetting
"Nah i didnt count those for anything. i made it clear in the description that I dont really know anything about college bball, was just doing it for fun",,comment,r/SportsBetting
Yeah it feels like there’s no real place to post or track picks anymore. Been trying to keep everything structured somewhere else with full tracking instead of random posts.,,comment,r/SportsBetting
"Might fuck around and hit one of these, they they will say you cheated and won’t want to pay you 🤣🤣",,comment,r/SportsBetting
He didn't get the TD but the nets put up a fight!,,comment,r/SportsBetting
If you can sacrifice 50usd for daily parlays please thank me later. [,,comment,r/SportsBetting
"Bet MGM taking forever to pay me out, Knicks game been over and Cavs still playing they graded Donovan points first still waiting on Brunson",,post,r/SportsBetting
"Whats going on? Use this thread to post I for some reason can post still and really care about this community so here is a space to post. Not sure why things are locked, hope everything is ok but use this thread to post and chat and lets not let whatever is happening shut down this amazing community.",,post,r/SportsBetting
Lamelo MF Ball ⛹️‍♂️⛹️‍♂️,,post,r/SportsBetting
We've created a betslip for your 5 bets! [Best Odds: +688]( Available on 12 platforms. [Bet in 1-click](,,comment,r/SportsBetting
Sheeesh 😂 nice one bro 💰,,comment,r/SportsBetting
Raptors played like 💩,,comment,r/SportsBetting
"Garland over 19.5 P+R is interesting. He's been putting up 20+ pretty consistently this year. The rebounds part is what makes it tricky though, he's not always reliable on the glass. BOL if you're running it.",,comment,r/SportsBetting
10ks or he’s shaking ass for glizzys outside rogers center next week,,comment,r/SportsBetting
"Gonna step out the office for a bit, back tonight with some more, not the result I wanted last couple hours, inplays ran a bit dead for a while. Back tonight where i’ll shoot some across if I get them, and i’ll keep this up next couple days. Trust the process 💪🏻✅",,comment,r/SportsBetting
"Used your website few times before but never checked the app. Feed style could work well if filtering is good enough - sometimes you just want quick overview without digging through tons of stats Will try it this weekend when Bundesliga matches are on, notification timing will be the real test there",,comment,r/SportsBetting
adios troll! you cant comment on my posts anymore LOL,,comment,r/SportsBetting
I'm calling bullshit on the Phillies -140. Post a ticket plz and the book. No line like that existed unless you used a profit boost.,,comment,r/SportsBetting
3/28/26 - Purdue vs Arizona See video at r/AceofSpreads,,comment,r/SportsBetting
A win is a win. Congratulations,,comment,r/SportsBetting
Happy Opening Day Eve to those who celebrate! ⚾️,,post,r/SportsBetting
great hit let me tail next time lol,,comment,r/SportsBetting
What research app is that,,comment,r/SportsBetting
![gif](giphy|qsCayJ9SXqWi2rJhNC|downsized) You not slick,,comment,r/SportsBetting
**THU 26 MAR** CIN 1u 2.40 SD 1u 2.20 STL 1u 2.15 TEX 1u 2.40,,comment,r/SportsBetting
I wanted to put Arraez but Hard Rock hasn’t listed him so I gave up on that. Lee has failed for me multiple times.,,comment,r/SportsBetting
Hit the POD Saturday NCAA Sunday ⭐️Tennessee+8-120❌ ⭐️UConn+6.5-125✅ ⭐️UConn+16.5-125 Live✅ Dook/Uconn over 133✅ Tennessee/Mich Over 145.5 ✅ 4-1 NCAA today Lost the NCAA POD badly but hit the next 4 thanks to UConn...,,comment,r/SportsBetting
He IS him. What was the total payout?,,comment,r/SportsBetting
We've created your betslip with 4 of 5 bets found [Best Odds: +274]( Available on 3 platforms. [Bet in 1-click](,,comment,r/SportsBetting
"I made $1,043 betting on sports today, and went undefeated on March Madness (10.43 units) I absolutely CLEANED up today using the Sharp Projections, Sharp Props, and Insider Feed tools from [Delta Sports]( (I am the founder!). I post free bets everyday, I try to post as much as possible but I can't post 20+ bets a day. I pride myself on being innovative with my tools (the biggest company in the space copied my tools :/ ) It's free to try out, and I will be back posting tommorow!",,post,r/SportsBetting
Then what are you posting it for? This thread is for posting parlays for others to tail. Not for you to post and brag.,,comment,r/SportsBetting
Brooooo let me tail.next time,,comment,r/SportsBetting
Good man! If it would have landed don’t have any regrets,,comment,r/SportsBetting
Im liking this boost on bet355 today. Anyone else riding it?,,comment,r/SportsBetting
"🏒 DraftKings Top Shelf Tickets: Longshot NHL Goal Scorers That Hit This Week - 3/24/2026 Another slate, another batch of longshots hitting big. 👀 Here are the top shelf tickets that ACTUALLY hit ⬇️ • Sam Carrick 2+ Goals (+10000) • Jonathan Aspirot Last Goalscorer (+8000) • Brayden McNabb First Goalscorer (+8000) • Erik Karlsson 2+ Goals (+7500) • Ryan McDonagh First Goalscorer (+6000) Did you have any of these on your slip or did they fly under the radar? 🎯🥅",,post,r/SportsBetting
You hit the link above and it builds it for you in whatever sportsbook app you use.,,comment,r/SportsBetting
"This was obviously intentional by the OP, homeboy wanted to flex the AMG. He made sure to take a picture with a different phone lol",,comment,r/SportsBetting
Like that you lost 250,,comment,r/SportsBetting
Irrelevant. Never claimed to be some expert or savant just wanted to share. Hope ya have a better day mate,,comment,r/SportsBetting
"When I first started betting, it was right around this time of year. My first couple of days I went with 2 home runs and a moneyline for red sox and orioles. Both games I got the home runs fairly quickly, and the first game I had Boston ml, Baltimore came back in the 9th and blew it, second day had Baltimore and Boston came back in the 9th. All homeruns were got, would've been around 1200 in winnings. I haven't done many moneylines since, mlb game outcomes are just too unpredictable.",,comment,r/SportsBetting
"I laughed when OP said it couldn’t be child support since his wife and kids. I mean, yeah I don’t know your story OP, but it could certainly be that lol",,comment,r/SportsBetting
WE CASHED TODAY IN TOTAL 3 MORE HIGH STAKES WITH 2.37 AND 2.30!,,post,r/SportsBetting
We've created a betslip for your 4 bets! [Best Odds: +4442]( Available on 13 platforms. [Instant Bet Link](,,comment,r/SportsBetting
"I think he shoots the ball more this game, I like Collin Gillespie over 4 rebounds too",,comment,r/SportsBetting
Gone with the first inn.,,comment,r/SportsBetting
We've created a betslip for your 12 bets! [Instant Bet Link](,,comment,r/SportsBetting
The Christian’s did not appreciate this comment.,,comment,r/SportsBetting
"Best esports betting platforms? Hey all, ive been following esports for a while now and wanted to explore betting options, I mainly watch CoD an CS2 so ideally something with one or both. Ive come across stake and thunderpick but curious if there are other alternatives worth looking, any recommendations?",,post,r/SportsBetting
Can't wait for the WC qualifiers,,post,r/SportsBetting
Must be nice bro. Happy one of us finally hit,,comment,r/SportsBetting
Top pikkit user picks for MLB and NIT tonight Thumbnail:,,post,r/SportsBetting
![gif](giphy|gictytW9IIIkNGIMcs|downsized),,comment,r/SportsBetting
You guys will literally complain about anything 😭 I’m giving you guys free plays everyday that win and you guys can’t stop complaining 😹,,comment,r/SportsBetting
I’m going with royals ML +120 on DraftKings,,comment,r/SportsBetting
29 won 1 lost 1 refund posted this yesterday in previous thread,,comment,r/SportsBetting
How is it in limbo what’s happening,,comment,r/SportsBetting
Your account is 4 days old. You crop slips so you can’t see the wagers. Sorry dude but I don’t believe a word you say.,,comment,r/SportsBetting
Respect 😂 people lean into trends real hard these days - you more matchup-based or market-based with your reads?,,comment,r/SportsBetting
I want to check it out!,,comment,r/SportsBetting
"Good hit. I added 3,5 goals and 7 corners 🎉",,comment,r/SportsBetting
"The passes made filter is underrated as a prop signal. Centers who rack up passes in the high post are going to generate assists whether they score or not. 16/20 coverage with a decent sample is a legitimate edge, not just cherry picking. Only thing I'd check is whether Sheppard's usage in that starting role holds steady -- new starters sometimes see their touches stabilize after 3-4 games once defenses adjust.",,comment,r/SportsBetting
Yep and top 3 overall. Would be huge to get Denver too . Why not be greedy? Haha Good day regardless . Hope it keeps up !,,comment,r/SportsBetting
9 down 4 to go.. whatcha think? Remaining pick not shown: Jamaica ML & BTTS(No),,post,r/SportsBetting
We've created a betslip for your 2 bets! [Best Odds: +185]( Available on 14 platforms. [Fast Bet Link](,,comment,r/SportsBetting
Did you petition to take over this sub?,,comment,r/SportsBetting
What happened to being able to post in this sub?,,comment,r/SportsBetting
NBA tonight this what i'm going with,,post,r/SportsBetting
That was not worth the 9k bet.,,comment,r/SportsBetting
Well that didn't go too well.. 0/5 💀,,comment,r/SportsBetting
No. Never cash out. It's only offered when it's advantageous to the book to mitigate their risk.,,comment,r/SportsBetting
Stake inr withdrawal aren't smooth so I won't recommend for inr,,comment,r/SportsBetting
"Less legs, higher stake. Especially if you're gonna lose that much on lottos anyway",,comment,r/SportsBetting
Naw I collect L’s like it’s nobody’s business,,comment,r/SportsBetting
What sports are you tracking beyond soccer? NBA live betting has similar momentum patterns but the odds move even faster.,,comment,r/SportsBetting
"Systems, models, signals, other stuff too a mix of everything haha",,comment,r/SportsBetting
Recent Winner and 2 for Tonight Been doing pretty well with March Madness so thought id post a couple.,,post,r/SportsBetting
How are you able to post,,comment,r/SportsBetting
We've created a betslip for your 2 bets! [Quick add](,,comment,r/SportsBetting
Good luck to all my brothers betting mlb this season 🍀🫂,,comment,r/SportsBetting
MLB Friday - Hits Parlay Competing consensus models Top 4 Players for Friday.,,post,r/SportsBetting
tailed! i missed yesterday’s slip but i’m back for this one,,comment,r/SportsBetting
Could spot those weak knees anywhere,,comment,r/SportsBetting
No. Adding -425 and -225 legs to parlays is exactly the -EV bet the books want users to make.,,comment,r/SportsBetting
dang i rode Leflop sold nice post tho!,,comment,r/SportsBetting
"Cashback Offer For Tomorrow💸 I’ve got a free parlay for you: • Nigeria Double Chance • Austria ML • Fils ML If it doesn’t cash, I’ll give you cashback! DM me if you’re interested in a free parlay.",,post,r/SportsBetting
We've created a betslip for your 4 bets! [Best Odds: +270]( Available on 14 platforms. [Lock In Bet](,,comment,r/SportsBetting
"Anyone betting ufc tonight, if so, where are you looking for picks?",,comment,r/SportsBetting
We've created a betslip for your 4 bets! [Best Odds: +1279]( Available on 14 platforms. [Direct to Betslip Link](,,comment,r/SportsBetting
"Thank you for the reminder! C'mon, Jrue!",,comment,r/SportsBetting
Yo post your slip in the comments!,,comment,r/SportsBetting
"Would only let me post individually, but that’s the full slip, cashed out when England v Uruguay halftime hit, thankfully since that match ended in a draw",,comment,r/SportsBetting
I'm tired of seeing all these winning parlays after the fact,,comment,r/SportsBetting
"So I spent maybe 25ish minutes if im being honest, and ran a few different parlay ideas thru Google Gemeni, you can look at my other post and I hit 11 of my 12 legs. The lesson I learned from the leg that missed as well as the other leg that barley made it was they were very green players and didn't get enough court time. My thinking now is to go with All Stars that will have more than enough time at the lowest points avaliable to bet on (for the most part)",,comment,r/SportsBetting
I got Monk going crazy. He’ll get mins. I’m over on his PRA at 35,,comment,r/SportsBetting
Me too. Got the hook on his reb&ast over.,,comment,r/SportsBetting
Happens brotha still always a pleasure tailing 🙂👍we def got this tm,,comment,r/SportsBetting
"Obviously, I knew they were going to lose. I just wanted to place the bet and watch the cashout amount increase from $30 to $41.73, $51.63, and so on. Then, I would cash out with a small profit. However, once they stopped scoring, the cashout wasn’t even available. If that makes sense.",,comment,r/SportsBetting
3/25 NBA Player Props 3/25 NBA +EV Plays 📈 🏀 Tre Jones Over 3.5 Reb +190 🏀 Kyle Kuzma Under 19.5 PRA +125 🏀 Luguentz Dort Over 9.5 PRA -130 🏀 DeAnthony Melton Under 3.5 Reb +100 🏀 Sam Hauser Over 2.5 Reb -125 🏀 Jaden McDaniels Over 4.5 Reb +185 🏀 Donte DiVincenzo Over 4.5 Reb +195 🏀 Luke Kennard Over 9.5 Pts +200 🏀 Tre Jones Over 5.5 Ast +150 Books and fair value down below ⬇️​​​​​​​​​​​​​​​​,,post,r/SportsBetting
Right?? Same feelings here 🙌🏻 🔥,,comment,r/SportsBetting
Any picks for MLB Opening Day Tomorrow? I’m thinking either Red Sox or Dodgers.,,comment,r/SportsBetting
We've created your betslip with 1 of 2 bets found [Best Odds: +110]( Available on 11 platforms. [Quick add](,,comment,r/SportsBetting
"Hell yeah!!! Awesome, W. 🔥🍻 I repopped and still missed lmao.",,comment,r/SportsBetting
"Five bucks killed over a grand in debt, seems smart to me.",,comment,r/SportsBetting
Whatd the play for the day blessings,,comment,r/SportsBetting
No more money.. Yeah.. I’m done for a while..,,post,r/SportsBetting
Good call ! I’ll wait it out,,comment,r/SportsBetting
Knicks SGP Sweats with me,,post,r/SportsBetting
All good let's goo bro!,,comment,r/SportsBetting
I don’t know a lot about him,,comment,r/SportsBetting
"dont mind that. i think it depends who brunson guards, which will probably be murray who might go off",,comment,r/SportsBetting
Letsgooo! First Reddit comment ever btw,,comment,r/SportsBetting
Add panthers as well,,comment,r/SportsBetting
Wemby screwed by 1 point 😭 All i needed was him to score 20 and i would won this bet,,post,r/SportsBetting
Chiefs Super Bowl is not it lol,,comment,r/SportsBetting
"Not at all bro, I am not a gambler anymore man, im at the point where if someone gave me 1 million Dollars but told me I can only have it if I gambled, I would tell them I don’t want it. Because it’s not about the $ anymore, Gambling will make me lose things in my life that money cannot buy. I refuse to let gambling ever have control on me as long as I am alive.",,comment,r/GamblingAddiction
"I am really sorry to hear this... You had everything at one point and then lost it all... I have a girlfriend as well. You are literally me, but in the worst case scenario. I cannot imagine how much pain you are going through right now. I am here for you my friend... Let us both abandon the toxic and glorified dream that is professional poker and quit gambling once and for all.",,comment,r/GamblingAddiction
"Stick at it, we only have today.",,comment,r/GamblingAddiction
Very good idea. I will do this,,comment,r/GamblingAddiction
Ok. What are you going to do different the next time you have money? Feeling bad can be a great catalyst for change or it can just be feeling bad.,,comment,r/GamblingAddiction
"The trigger is irrelevant, this is your responsibility and it's not because of the autistic child. This is your default way of coping with stress if it hadn't been the child it would have been something else. Take responsibility for your actions and stop blaming others.",,comment,r/GamblingAddiction
"I gave it a watch. Yeah, that’s kind of what I am witnessing now. She’s already done extreme things for money. I just wish she would get help. She says she doesn’t want to.",,comment,r/GamblingAddiction
29 isn’t such a big deal when still doing it at 40 plus it’s almost impossible to recover,,comment,r/GamblingAddiction
I have been using the “I am sober” app. I put in the amount of $ I was averaging gambling per week and it has been tracking my savings from not gambling. Very encouraging to check every now and then,,comment,r/GamblingAddiction
If you were gambling like an online crypto place probably not. But the gambling paediatric society in Canada might be able to help. Either way you will need to come clean because your parents would have to file a suit.,,comment,r/GamblingAddiction
I’m on the same journey - you got this brother! You’re going to feel great in weeks to come,,comment,r/GamblingAddiction
I lost 43k just two nights ago. Major bad relapse at baccarat. Was in vegas for March madness. Mistake. Gotta stay away from drinking while gambling.,,comment,r/GamblingAddiction
You missed the whole plot. Its about the escape my dude,,comment,r/GamblingAddiction
"You need to see gambling as it is: a losing game. The games are designed to make you lose by giving the house favorable odds. You can experience a short term win but play long enough, the house edge will always prevail. It's a model of mathematical certainty in display, so approach gambling with caution.",,comment,r/GamblingAddiction
I actually have a reservation at the same resort next week. Planning to hang out at the pool and take the kid swimming and arcade.,,comment,r/GamblingAddiction
"I did lost 300k usd in a span of 8 years, i am clean since 12th january 2023. BELIEVE ME PLEASE!!! You CANT WIN IT BACK. Not because lack of luck. Because of how these games are designed…. Best for you man!!!",,comment,r/GamblingAddiction
Add her to this Reddit group and let her read lol,,comment,r/GamblingAddiction
You did the thing first thing is admitting u have a problem,,comment,r/GamblingAddiction
"I feel u bro, same age , same situation.",,comment,r/GamblingAddiction
"How can I prove to my brain I am deceiving myself? My brain knows it is possible to win a lot of money in the markets if you play your cards right, most people lose because they get greedy. And my brain sees that many people have become successful too and made fortunes off crypto. This cannot be said about casinos, you are guaranteed to lose there. Like I know on some deep level it’s deception, but the logical part of my brain knows and sees that there is evidence it is posssible.",,comment,r/GamblingAddiction
Damn man im really sorry youre going through this,,comment,r/GamblingAddiction
"What apps are there that i can track my progress? Had a bad moment today lost most of my paycheck and finally 100% commiting to quitting. Unfollowed all the sports betting accounts on insta, self excluded and i think having a tracker on my phone of how long i’ve been clean would do wonders for me. Any app suggestions?",,post,r/GamblingAddiction
Send me a message if you’d like to talk,,comment,r/GamblingAddiction
"Hey man, thanks for the positive feedback",,comment,r/GamblingAddiction
I mean that’s true too,,comment,r/GamblingAddiction
"I am sorry that this has happened. As other people have said, gambling does not have any logic. It sounds like you have stayed a long time with no progress. It is understandable that you want a better life for yourself and your son. I am wishing you all the best and also hoping you get the support you need as well. It would be hard to watch someone choose gambling over their partner and son.",,comment,r/GamblingAddiction
"Me and my wife go about once a week, stay for one hour $100 total budget. Last year we spent about 5500 and made back 4800. You will never, EVER, make money gambling, its supposed to be a hobby I rather spend an hour and spend 100 there than 200 sitting in a restaurant eating subpar overpriced food. But yes for 99% of all of you just quit gambling while you can",,comment,r/GamblingAddiction
I’ve actually thought about this!! There’s some evidence that GLP-1s might help long COVID somehow. And I know they are looking into using them for alcoholics… so I’d wondered if it might be a good fit for him. Thank you for the link!,,comment,r/GamblingAddiction
Good for you on taking the right steps. I’m right there with you along with many others in this sub! Breaking free from this addiction is the best thing that’s ever happened to me. We don’t have to live like before. The peace you’ll experience with not gambling and not having to worry about upending your life every few months is worth it. I’m rooting for you and I both!!,,comment,r/GamblingAddiction
"Close the gaming accounts, avoid it as much as possible. Get someone in your life to be your lifeline whenever you have the urge.",,comment,r/GamblingAddiction
For me it is hard to give advice as I’m possibly the worst gambler out there. If I’m down 20 quid I decide I have to get back to even but that may cost me another 980. Lost thousands over 20 times yet somehow still going despite 10k if debt. If it’s online gambling I would ban each site Individually unless u want to just use GameStop,,comment,r/GamblingAddiction
"Te felicito por 1 año sin apostar, como te sientes hoy en día? Sigues con miedo de recaer?",,comment,r/GamblingAddiction
Gambling is the biggest lie...Dont gamble folks...Even If u are starving dont gamble..Just work and earn...,,comment,r/GamblingAddiction
Take it a day at a time. Also forgive yourself. I’d recommend watching guided meditation videos on YouTube. If you can tell a trusted family member that would be a huge step. Also self exclude yourself from the casino. Keep your head up,,comment,r/GamblingAddiction
"When you go on their Black Jack, not live dealer and lose 10 hands in a row that’s a problem. Win one hand and lose another 10 straight. Yet I have never, and I mean, never gotten more than three or four wins in a row.",,comment,r/GamblingAddiction
Sorry to hear that man,,comment,r/GamblingAddiction
that’s how it starts. If u don’t let it go you’ll loser thousands more over your life chasing it and you’d kill to be only down 1k. Every day u don’t bet is u taking money back from the sportsbook,,comment,r/GamblingAddiction
I'm 35. Been gambling for probably 15 years honestly. I'm trying to quit for good this time. We can do it together! If you need someone to talk to please DM me. We can help each other through it. Sending you lots of love ❤️,,comment,r/GamblingAddiction
Have you ever heard of free will? How about taking accountability for your action insead of dragging God into this one?,,comment,r/GamblingAddiction
"Don't see it as losing 130+what you put in, because at the casino, you never win anything until you walk out with the money. Also, don't beat yourself up about it. Just enjoy your visit with your sons and dont let a couple hundred pounds debilitate your ability to enjoy your own life.",,comment,r/GamblingAddiction
"He is seriously ill. He may feel happy now that he is left alone to get his drug unlimitedly without any disturbance This is how low this horibble addiction can drive someone Go live a normal life with your kid and don't look back. If he is back on rational status, he can find you himself",,comment,r/GamblingAddiction
"It looks addictive reaction, take care of you !",,comment,r/GamblingAddiction
Why do my posts keep getting removed do I need more karma on this subreddit just to vent also bro that’s tragic I really hope you find your way out of this stage in your life to a better one filled with prosperity and love seek companionship.,,comment,r/GamblingAddiction
"If they are credit cards it’ll be harder to just abandon them and credit will for sure take a hit, best bet is to pay them off snowball/avalanche style. I’m not sure what else you can do for income maybe just budget better and sacrifice what’s not needed and definitely stop gambling or you’ll lose everything you got left.",,comment,r/GamblingAddiction
"Not at all bro, I am not a gambler anymore man, im at the point where if someone gave me 1 million Dollars but told me I can only have it if I gambled, I would tell them I don’t want it. Because it’s not about the $ anymore, Gambling will make me lose things in my life that money cannot buy. I refuse to let gambling ever have control on me as long as I am alive.",,comment,r/GamblingAddiction
The road that leads to nowhere is long.,,comment,r/GamblingAddiction
"Don’t do it, been doing it every week for the last 2 yrs I relapse every week and it’s the same over and over same repeated cycle. You win you lose you win you lose in the end what’s the point. No amount of money will ever satisfy you enough to stop. House always wins.",,comment,r/GamblingAddiction
Having a bad day Thinking about how much I failed and lost in gambling. Being in so much cc debt has me on the edge everyday and I never feel relaxed. Everything is annoying me today. I've thought of gambling today to attempt to relieve some debt but I still haven't and I'm fighting the urge to. In the process of filling for bankruptcy and that has me above stress. Not something I want to do but seems like the smartest option vs paying years of cc debt. 24 and I feel like such a failure.,,post,r/GamblingAddiction
"I am ruined Lost over 10K this week, my bank is negative. I am such a fuck up I am done with it all.",,post,r/GamblingAddiction
"No he just doesn't care. I was with him for 5 yrs. Stuck around through drug addiction, women and gambling. Now I have to do what is best for my son. He made his choice and Im no longer enabling him saying its OK you will change one day. There is alot more to the rant than what was said, I just need to get something out.",,comment,r/GamblingAddiction
Choices man. Choices. Not gods fault.,,comment,r/GamblingAddiction
It is hard to accept. I’m trying as hard as I can to accept it though. We’ve been together 22 years. I will always love her. She’s always been there by my side through everything and I’ve been by hers as well. This just sucks a lot.,,comment,r/GamblingAddiction
"Gambling is an illness. Unfortunately he ain’t stopping at just 6k. 6k is nothing in the gambling world. You don’t realize until you’ve lost 100k+. Like most of us you’ll keep playing until it’s made you sick and you just snap out of it. I self excluded, went to GA, downloaded bet blocker and even more than the money lost 17 yrs of my life from 19-36 yrs old. He needs help. But you can only lead a horse to water, can’t make it drink. Gotta do what’s best for you.",,comment,r/GamblingAddiction
Monitor him on deucerecovery.com. Changed everything for me once my wife started monitoring me. Was never able to fight urges on my own until I knew she’d find out.,,comment,r/GamblingAddiction
You’re way stronger than me. Be careful!!,,comment,r/GamblingAddiction
I 100% agree. It's good that there are other young people getting a hold of it early.,,comment,r/GamblingAddiction
File for bankruptcy and start over. You’re young enough to restart and refresh. As long as you’re not planning to buy a house anytime soon.,,comment,r/GamblingAddiction
"Thanks man. 48 you figured would have learned. Great wife, three great boys and I’m destroying their lives. I’ve lost 7 digits easily with 50,000 this month alone. I make about 150,000 with overtime but live in NJ so that’s nothing. The regret and my thoughts will drive me to god knows what. There was just never enough money and I always thought by doing gambling. You can catch up and make it as I’m sure most do. Sad",,comment,r/GamblingAddiction
"Yeah I did, the first message I sent my best friends this morning. Honestly the story gets even worse and the things I’ve done to gamble but it’s way too long to type it out. I thought cheating was the worst thing a spouse or partner could do but no I topped that. I used my credibility to deceive a bunch of people.",,comment,r/GamblingAddiction
"Never give up, this life is like a dance, we are never sent more than we can bear. I see life now like a test, each struggle is something to find a way through - this is the growth.",,comment,r/GamblingAddiction
"Well we want to win so bad, but we make horrific choices to be obsessed with gambling and other dumb decisions, so we are basically choosing to lose as gambling is pure poison for us.",,comment,r/GamblingAddiction
Call an addiction helpline:,,comment,r/GamblingAddiction
"All I know is that when I started playing slots years ago, when it started, I would routinely hit jackpots of more than $1200, where I would get a tax form. I would hit for 3k, 5k even... on $2 spins. It's been years now since I hit a 4 figure win. And I'm playing the exact same games, same denomination. I used to hit 4 figure wins 5-10 times a year. Now? NEVER. same games, same denom",,comment,r/GamblingAddiction
You missed the whole plot. Its about the escape my dude,,comment,r/GamblingAddiction
"You need to see gambling as it is: a losing game. The games are designed to make you lose by giving the house favorable odds. You can experience a short term win but play long enough, the house edge will always prevail. It's a model of mathematical certainty in display, so approach gambling with caution.",,comment,r/GamblingAddiction
Have you neen successfully wth that?. If not this is a lucky day for you.,,comment,r/GamblingAddiction
"Oh to only have lost 4 grand… better stop now before you lose a hell of a lot more than that. Self exclude, bet blocker, get to therapy and GA",,comment,r/GamblingAddiction
So proud of you! That must feel amazing! I can't wait to get to that point. Thank you for sharing ❤️,,comment,r/GamblingAddiction
22 years old by the way. I want to move out of my moms but I keep setting myself back from this every-time I get some money.,,comment,r/GamblingAddiction
"I’m in a similar boat. I have two maxed credit cards which rack about $500 in interest a month and my loan racks additional $350 so I pay $850 a month just in interest right now. I put whatever I have left after bills are paid towards the principal which hardly makes a dent, but it does ever so slightly enough to keep me from having a full fucking meltdown. It’s just three more years of this hell if I’m lucky.",,comment,r/GamblingAddiction
that's the key i need to hold on to too. I've been so numb to it all but seeing money go away from my account has hit something different.,,comment,r/GamblingAddiction
How are you doing OP? Staying away so far?,,comment,r/GamblingAddiction
Did it again smh 🤦🏽‍♂️🤦🏽‍♂️ wtf URL:,,post,r/GamblingAddiction
If you Keep going it will all be gone. You will owe. And be working for the credit card companies with a 40k debt over your head,,comment,r/GamblingAddiction
We will see about that.,,comment,r/GamblingAddiction
i 100% understand that point. i recently gambled all money i had left and lost it all so fast. the loss made me feel like an idiot and now has me in a better mindset for the future. hopefully we continue to grow from these experiences and take action on it,,comment,r/GamblingAddiction
You will never win back the money you lost. I am/was an addict for more then 10yr and in the last 5 yr i worked in the industry. You will never win back tour money!!!,,comment,r/GamblingAddiction
"Turned 20 a week ago. $0 to my name. Well it really happened. About 3-4 months ago I was in a great position to hit 20k at 20 through my salary. But because I feel into the cycle again of massive wins then massive losses, I’ve hit a hard reset. It’s a tough pill to swallow especially because there were heaps of times I should have stopped. But deep down I know I was too deep in to stop. Just gotta take it a day at a time. And appreciate the little",,post,r/GamblingAddiction
The reason you'll lose all back is the function of the house edge. The odds is favoring the house every single hand whereas your luck is temporary. casinos don't need luck. The house edge is the winningest formula and guaranteed to work.,,comment,r/GamblingAddiction
"This is the move. From experience, having large wins and large losses - I essentially became numb to both, but not numb to the anxiety of seeing debt and feeling like an idiot. I’m new on the journey, but honestly going to sleep and waking up without the gamble cloud has felt better than the rare big hits (which I’d eventually lose anyways). So, wishing you the best - you got this, congrats",,comment,r/GamblingAddiction
"Its over for me, ill be swinging from a tree soon enough. But you can avoid this fate if you stop gambling.",,comment,r/GamblingAddiction
"Guess just stop gambling, go to GA if possible, let someone else control money. Im so broken as health so bad and cant work there is only my demise I plan for. I was in Guard for 4 years and while did my contract and honorable discharge I get zero benefits.",,comment,r/GamblingAddiction
How do compulsive gamblers have a losing mentality? I'm genuinely curious.,,comment,r/GamblingAddiction
"Not at all bro, I am not a gambler anymore man, im at the point where if someone gave me 1 million Dollars but told me I can only have it if I gambled, I would tell them I don’t want it. Because it’s not about the $ anymore, Gambling will make me lose things in my life that money cannot buy. I refuse to let gambling ever have control on me as long as I am alive.",,comment,r/GamblingAddiction
"Never give up, this life is like a dance, we are never sent more than we can bear. I see life now like a test, each struggle is something to find a way through - this is the growth.",,comment,r/GamblingAddiction
"You have a long road ahead. I've gambled for 20 years... First 10 was okay, usually won them finally back at the poker table. Next 10 has been nothing but a nightmare. Laat 5 years, I've quitted 2 times. Each break was little over a year.. then I tried just for fun. Just a one bet. 🤣 Your only chance is to quit for good. Never place a single bet.",,comment,r/GamblingAddiction
I lost 43k just two nights ago. Major bad relapse at baccarat. Was in vegas for March madness. Mistake. Gotta stay away from drinking while gambling.,,comment,r/GamblingAddiction
"I kinda figured it does but you have a good point. But I really want that nuance of saying i stopped gambling period. Then it’s like saying, “Yeah, I stopped but for the exception of this and that.” But then again, I don’t want to lose out on the socialization of my friends and comrades. Today someone came up and asked if I play Fantasy Football and I was like I did but I stopped gambling. He rolled his eyes and walked away. So that’s why it made me think of this post.",,comment,r/GamblingAddiction
But its not helping you stay clean. Its just small bet experimentation. The old obsession will inevitably return because on paper low stakes fantasy football sounds fun .. but its just like a $20 buy in home poker game with the boys- it just isn’t enough. Addicts don’t process like that.,,comment,r/GamblingAddiction
Hi I’m 19 I started the same way but with video game skins lost around 5k one night I’d recommend quitting now I still struggle with this even now it genuinely has ruined my financial state Best case is just quit while u can. Feel free to reach out via dm if u need,,comment,r/GamblingAddiction
"For me there is no rock bottom besides death, homeless or jail. Over 30 years of gambling for me, its over for me as cant recover my health or finances as disabled. Quit man before its too late, I had until 45 and after that was no way to fix things.",,comment,r/GamblingAddiction
Why can’t you just let me be delusional if that’s really what you believe? It’s like you continually try to egg me on. For what purpose? Are you trying to change my mind? Are you just trying to make me feel bad? Are you just against the gospel of Jesus Christ?,,comment,r/GamblingAddiction
I’m trying my best. I’ve stopped sending him money but don’t want to leave him feeling alone. Should I just continue to keep checking up on him? I suggested every Friday he can come over and we can just hang out and go play pickleball as something to do for free. Would pushing him to follow through with letting us have the passwords to his accounts be good?,,comment,r/GamblingAddiction
Rob’s videos are very inspiring. They have helped me as well.,,comment,r/GamblingAddiction
Yeah it still hurts even if you ain’t lose the personal haha so I just will stop all unnecessary stress,,comment,r/GamblingAddiction
You will never become rich from gambling! You only follow to recover the loses.,,comment,r/GamblingAddiction
"Thank you, I am seeking therapy and just went to GA and will continue to trying to improve myself",,comment,r/GamblingAddiction
Change banks let the loans go to collection and pay them at a lower settled amount in near future some of them can’t even do much since they are predatory they can try to collect and call but not much will happen. Self exclude for your own and family’s sake. Get your bank balance to 0 withdraw your money go bank elsewhere and close the account only option is to default on those loans if you want any chance of rebuilding. Credit will most definitely take a hit.,,comment,r/GamblingAddiction
Oh man. This post is everything. Actually I joined yesterday and have been checking things out through the day. But then the evening got very tough and very long and a went straight to the slots. 30 mins later 20 bucks planned had turned to 150 and I just knew I’m back to waking up with that gambling cloud as someone here decribed it. I’ve taken the decision to tell my partner tomorrow. I’m gonna come clean.,,comment,r/GamblingAddiction
"Who we are is defined by how we pick ourselves up. You’ve got this! If you’re hungry, see if there is a Sikh place of worship near you. They will feed you",,comment,r/GamblingAddiction
"This is true, I only want the action at this point. Ive not only lost my financial freedom but also my health as neglected it over 30 years. Im prime example of what happens if go over 30 years into ones 50s. Lost everything and out of work force as partially disabled and no more opportunities for me. Had so many chances until 45 and and now straight into the gutter. Very lucky have a protected income that puts a roof over head and food or Id be dead or in the streets.",,comment,r/GamblingAddiction
"Yea me too, but here came the classic sitting in your room kinda bored and whoops. I was acctually having some good ideas what to do but idk apperantly i dont want to enjoy life lol",,comment,r/GamblingAddiction
Attend Codependents Anonymous and Families Anonymous meetings. (Free and online.) These meetings will teach you how to deal with a person who is addicted and set appropriate boundaries.,,comment,r/GamblingAddiction
Do you know which one your friend takes?,,comment,r/GamblingAddiction
Having a bad day Thinking about how much I failed and lost in gambling. Being in so much cc debt has me on the edge everyday and I never feel relaxed. Everything is annoying me today. I've thought of gambling today to attempt to relieve some debt but I still haven't and I'm fighting the urge to. In the process of filling for bankruptcy and that has me above stress. Not something I want to do but seems like the smartest option vs paying years of cc debt. 24 and I feel like such a failure.,,post,r/GamblingAddiction
Change banks let the loans go to collection and pay them at a lower settled amount in near future some of them can’t even do much since they are predatory they can try to collect and call but not much will happen. Self exclude for your own and family’s sake. Get your bank balance to 0 withdraw your money go bank elsewhere and close the account only option is to default on those loans if you want any chance of rebuilding. Credit will most definitely take a hit.,,comment,r/GamblingAddiction
How have you been able to gamble ? Thought the legal age for gambling was 18,,comment,r/GamblingAddiction
"Find something to replace it and a way to reward yourself. That’s what I did when I quit smoking. A new mouse pad, new air fresheners for my car, and I bought myself a kindle and yarn supplies to keep myself busy.",,comment,r/GamblingAddiction
Choices man. Choices. Not gods fault.,,comment,r/GamblingAddiction
I 100% agree. It's good that there are other young people getting a hold of it early.,,comment,r/GamblingAddiction
"Its over for me, ill be swinging from a tree soon enough. But you can avoid this fate if you stop gambling.",,comment,r/GamblingAddiction
"i am not reading a written book on this guys subject, he can make his points shorter",,comment,r/GamblingAddiction
I hate to say it my friend but I went to the same thing two years ago. Pokemon helped me with my long gambling addiction for months - until one day i opened my 200+ sealed packs and sold everything else I had to help with my gambling addiction Now under my table there is a box with worthless pokemon cards remembering me on that time,,comment,r/GamblingAddiction
You are delusional..,,comment,r/GamblingAddiction
It's good you have opened up to your partner about your situation especially if you two share responsibilities financially. She won't leave if she cares about you. Recovery doesn't have to be smooth.,,comment,r/GamblingAddiction
You missed the whole plot. Its about the escape my dude,,comment,r/GamblingAddiction
"Wishing you the best on this journey. Hold strong, you got this bro",,comment,r/GamblingAddiction
You just did step number one by admitting the problem. Step number two is finding accountability and by that I mean real accountability...anybody in your life you can have keep you accountable for your actions? Apps don't work.,,comment,r/GamblingAddiction
Your of of the lucky ones sir. Take the L. You’ll be fine.,,comment,r/GamblingAddiction
"Passerà. Sii forte. Smettila di giocare , io sono al quarto giorno ed è dura. Sii forte fratello.",,comment,r/GamblingAddiction
"Being in this environment will still be triggering you at a deep level, you're getting drunk on being close to the action. It's a risky way of coping and shows how the gambling still has a hold on you. it's best to avoid these places altogether IMO.",,comment,r/GamblingAddiction
Stopping at 21 is a massive win. You just saved yourself years of stress.,,comment,r/GamblingAddiction
"I’m sorry to hear that. I guess there’s no end to things getting worse. Every time I think I’ve hit rock bottom and can’t get any worse, unfortunately it still does. I hope we can all overcome this addiction.",,comment,r/GamblingAddiction
"I started because of my ADHD. Going to the casino and playing slots was a way for me to pacify my boredom. It quickly became something else though. I became addicted to the highs, the flashing lights, the uncertainties, the jackpots, even the catastrophic losses. Then came the debt and the loss chasing. Gambling became an awful cycle for me. I became convinced that winning that great jackpot was the only way to solve my debt problems and by chasing that dream I buried myself into insurmountable debt.",,comment,r/GamblingAddiction
I’m going to add a comment to this chat when I get that urge next time. Thanks for your words and encouragement,,comment,r/GamblingAddiction
"I did reach out to them, hopefully I'll find a solution. As an alternative I was thinking about just handing my bank account over to bf but I'd be emberrased if he saw all my messups so far (Told him the gist of it but not every detail...)",,comment,r/GamblingAddiction
"the hard truth is… you can’t manage his addiction for him, only protect yourself from it. boundaries aren’t about controlling him, they’re about what you will and won’t accept",,comment,r/GamblingAddiction
"As others have said. I also self excluded from FanDuel and Bet Parx 6 months ago. I now use my money to buy/collect sneakers, gifts for my Mom and paying my bills, on time!! I’ve been a sneaker head since I was a kid and that’s something that makes me happy! Find something you used to love and start doing it again. Please. Also support from family and friends. There’s Gambling Anonymous (GA) also. You can do this. Take your power back! You deserve it!",,comment,r/GamblingAddiction
What a waste of time. Don’t post about winning here. You’ll be down real money soon enough. Keep at it,,comment,r/GamblingAddiction
We must be willing to quit forever if we truly want to recover. There is no halfassing it. I've tried every excuse under the sun for 10 years. There is no method possible to play like a normal person and not relapse into a death spiral.,,comment,r/GamblingAddiction
"that’s a huge step fr, banning yourself takes real accountability, when urges hit, try replacing the habit immediately (gym, walk, call someone), block apps/sites, and keep your money less accessible so you don’t act on impulse",,comment,r/GamblingAddiction
I mean that’s true too,,comment,r/GamblingAddiction
Yeah i know but this is mainly for online gambling addicts like what i used to go through. I never went to a real casino or bought any scratch tickets or wtv in person,,comment,r/GamblingAddiction
"I get what you’re trying to do, but adding a brand mention here isn’t a good move. That post is about addiction and a 14-year-old even a soft mention of a gambling-related site like cryptogambler.info can come off the wrong way and get removed or reported quickly. It also hurts credibility. If you really want to keep a subtle mention while staying closer to your tone, the safest you can go is making it clear it didn’t help you",,comment,r/GamblingAddiction
"Turned 20 a week ago. $0 to my name. Well it really happened. About 3-4 months ago I was in a great position to hit 20k at 20 through my salary. But because I feel into the cycle again of massive wins then massive losses, I’ve hit a hard reset. It’s a tough pill to swallow especially because there were heaps of times I should have stopped. But deep down I know I was too deep in to stop. Just gotta take it a day at a time. And appreciate the little",,post,r/GamblingAddiction
File for bankruptcy and start over. You’re young enough to restart and refresh. As long as you’re not planning to buy a house anytime soon.,,comment,r/GamblingAddiction
"Absolutely brother. Remember there is no winning gamblers. I have never met a rich gambler, I met many gamblers who lost EVERYTHING though, businesses, families, houses, and most important, their SANITY. Gambling costs us our peace , and bro, that’s worth more than $.",,comment,r/GamblingAddiction
I have a question for all of you!! Do you really want to quit??? In my opinion if somebody wants to quit for someone else will never succeed!,,comment,r/GamblingAddiction
You will never win back the money you lost. I am/was an addict for more then 10yr and in the last 5 yr i worked in the industry. You will never win back tour money!!!,,comment,r/GamblingAddiction
I am over a year no gambling. When you even think about it call your wife. That’s what got me this far I call/text my husband or my sister heck sometimes both of them. If you can’t be 100%honest about your thoughts the gambling will always win. 6 months is a common time for relapse don’t beat yourself up keep moving forward❤️,,comment,r/GamblingAddiction
Hey Op. Reach on on private and see if we can make something work for you.,,comment,r/GamblingAddiction
"I see it differently. We have been going through this for 7 months and 6k lost. I've done all the things to try to help but in the end he made a choice knowing the outcome. Gambling for him is a choice, he was able to stop but choose to do it again knowing the consequences yet still did it. Our choices have consequences in life, good or bad, and to downplay certain people to oh they just can't help it is giving them a free pass.",,comment,r/GamblingAddiction
This is your biggest win! God bless,,comment,r/GamblingAddiction
I wish you well on your journey.,,comment,r/GamblingAddiction
Thanks for sharing your story. I’m 6 months into recovery and I can tell you it only gets better.,,comment,r/GamblingAddiction
"Trying to understand my brain and behavior I think I gamble because my life is at a very low point and I also believe my general anxiety doesn't help with it. I'm not in any debt and have money in my savings yet I gamble my paycheck and living at my parents house,. In terms of you guys, why do you guys gamble, is it mainly to get out of debt or get financial freedom?",,post,r/GamblingAddiction
"Don't Gamble You will lose, and nobody cares. You will isolate yourself from the world as you know it.",,post,r/GamblingAddiction
Hey. If you are German register with OASIS gambling ban. This goes for everyone who lives in a counrry thay has national self exclusion,,comment,r/GamblingAddiction
Self exclude is the only way if you’re not responsible. Or call your bank and set deposit limits so you cannot bet more than a certain amount,,comment,r/GamblingAddiction
If you Keep going it will all be gone. You will owe. And be working for the credit card companies with a 40k debt over your head,,comment,r/GamblingAddiction
Yep. I was hoping she would lose her money and say this is stupid.,,comment,r/GamblingAddiction
It’s over Just lost 20k in like 2 weeks Im 20 years old wtf am i doing,,post,r/GamblingAddiction
Your husband is a fake. Gambling addiction is one thing. Cheating is a whole different story.,,comment,r/GamblingAddiction
See..gambling even ruins our attention span cause some of them didn't read the entire post 🤣🤣,,comment,r/GamblingAddiction
even in casinos there are people who win and get good money. trust me if you did not walk away the first time you won it does not matter how much you win onwards you will return it next day or next week or month with serious interest. You can never walk away from gambling after a win.,,comment,r/GamblingAddiction
Thanks for sharing your story. I’m 6 months into recovery and I can tell you it only gets better.,,comment,r/GamblingAddiction
Read the entire post...plus the link is actually from a gambling recovery website,,comment,r/GamblingAddiction
Good decision!!! We are here for you!!!,,comment,r/GamblingAddiction
"Gambling will only sink you down further, worst being it's an investment in a nightmare and you're not even learning anything meaningful as the lesson is to not start doing it in the first place. Financial freedom, even casino owner have to continue to maintain his casino so the money comes in but somehow desperate gambler will arrive to play some games and become rich just like that, ridiculous. And gambling when in debt is doubling down on destructive decisions.",,comment,r/GamblingAddiction
Accept what you’ve done - that money is gone. It was an expensive lesson learned. The harder you dig for that money the more you will loose. As time goes on you will slowly realize what you have done and will move on from it,,comment,r/GamblingAddiction
Now the gambling is even in the grocery and gas stores,,comment,r/GamblingAddiction
Good first step making that choice. Get yourself to a help group too and it will help that promise stick.,,comment,r/GamblingAddiction
Same here. Went again today and lost. I'm fed up. I'm done.,,comment,r/GamblingAddiction
Recognizing the problem is the hardest step. You’re already ahead. Rooting for you.,,comment,r/GamblingAddiction
Recognizing the problem is the hardest step. You’re already ahead. Rooting for you.,,comment,r/GamblingAddiction
Is your 16k debt all of your losses?,,comment,r/GamblingAddiction
"Wishing you the best on this journey. Hold strong, you got this bro",,comment,r/GamblingAddiction
Self exclude her yourself on your behalf if you really wanna protect her before one day she going to have a really big loss one day,,comment,r/GamblingAddiction
Take it a day at a time. Also forgive yourself. I’d recommend watching guided meditation videos on YouTube. If you can tell a trusted family member that would be a huge step. Also self exclude yourself from the casino. Keep your head up,,comment,r/GamblingAddiction
"25,000k and that kills me for 8 years. 8 of which my kids will be going through hs and college",,comment,r/GamblingAddiction
"Gracias por tu comentario, pero no soy joven (tengo tu misma edad)",,comment,r/GamblingAddiction
Send me a message if you’d like to talk,,comment,r/GamblingAddiction
Just tell him you have something important to discuss with him. You will never find the “perfect” time. Secrets slowly kill us and feed our addiction. Expect him to be very upset and /or angry. But hopefully he will understand it’s an addiction and help you keep accountable,,comment,r/GamblingAddiction
You lost me at the name…Better Help is a known all already,,comment,r/GamblingAddiction
"So you blamed God for the gambling and now you’re crediting God for getting out of it? Dude, God isn’t a real thing. Give credit where credit is due, to yourself.",,comment,r/GamblingAddiction
Having a bad day Thinking about how much I failed and lost in gambling. Being in so much cc debt has me on the edge everyday and I never feel relaxed. Everything is annoying me today. I've thought of gambling today to attempt to relieve some debt but I still haven't and I'm fighting the urge to. In the process of filling for bankruptcy and that has me above stress. Not something I want to do but seems like the smartest option vs paying years of cc debt. 24 and I feel like such a failure.,,post,r/GamblingAddiction
You’re enabling and they will continue to lie. Set boundaries and know your limitations. Let them learn from life and try to move on. They only care about themselves and money,,comment,r/GamblingAddiction
You will never become rich from gambling! You only follow to recover the loses.,,comment,r/GamblingAddiction
🤦🏽‍♂️🤦🏽‍♂️🤦🏽‍♂️ shit is crazy,,comment,r/GamblingAddiction
Thank you really much,,comment,r/GamblingAddiction
125 is what I meant not 120 but still,,comment,r/GamblingAddiction
"Michael Jordan is a great example of this. He knows he's a gambling addict, but it doesn't matter when you have an infinite amount of money. Actually I take that back, it does matter from a contentment and happiness standpoint I suppose.",,comment,r/GamblingAddiction
"Alright bro, see you on here next week🫶",,comment,r/GamblingAddiction
"You’re one hundred percent right and the biggest downfall is no matter how much you win, it’s never enough.",,comment,r/GamblingAddiction
"Self exclude, you have online account … Self exclude …. Reply to my comment. Only if you have self excluded from every app … Be honest while replying .",,comment,r/GamblingAddiction
"Gracias por tu comentario, pero no soy joven (tengo tu misma edad)",,comment,r/GamblingAddiction
"Yeah I did, the first message I sent my best friends this morning. Honestly the story gets even worse and the things I’ve done to gamble but it’s way too long to type it out. I thought cheating was the worst thing a spouse or partner could do but no I topped that. I used my credibility to deceive a bunch of people.",,comment,r/GamblingAddiction
"Thanks man. 48 you figured would have learned. Great wife, three great boys and I’m destroying their lives. I’ve lost 7 digits easily with 50,000 this month alone. I make about 150,000 with overtime but live in NJ so that’s nothing. The regret and my thoughts will drive me to god knows what. There was just never enough money and I always thought by doing gambling. You can catch up and make it as I’m sure most do. Sad",,comment,r/GamblingAddiction
"What's your game of choice on Draftkings in NJ? For me, I got hooked on slots. It is a drug. Studies show the brain changes during gambling in the same way it does during drug use. I'm 50 years old, 2 kids. Wife no clue how bad I've been. You are not alone, fellow NJer. My CCs are just about maxxed out. Sigh",,comment,r/GamblingAddiction
"Lies will make this worse. Come clean and learn from this. Then, go forward",,comment,r/GamblingAddiction
"Write down how you feel today and read it back every morning to remind yourself of what drove you to this decision, we forget so quickly our pain and the suffering this compulsive behavior brings into our lives. Try to find something to replace the 'dopamine hits' you've been getting from engaging in gambling - exercise is one of the best ways to get this. I wish you well.",,comment,r/GamblingAddiction
If you dont believe in God thats your choice but dont force it to someone else. I prayed for a miracle and God gave me that. Now I’m 290 days sober.,,comment,r/GamblingAddiction
"Best ask her to stop now, the casino always wins, and over time that money will be lost if she. Continues to gamble, only play what she can loose",,comment,r/GamblingAddiction
I stopped got relapsed again due to … money related issue… I think money is the root of evil once we gamble and it burns 🕳️,,comment,r/GamblingAddiction
"Personally, I find gambling is hard to quit if you don't understand why you lose money. Once you realize that gambling is designed to make money off gamblers through the house edge, you don't stubbornly chase your losses. Everything starts to make sense. Losing money is not a character flaw. It's many things but one of the main ones is not being able to see that gambling is a way for casinos to make money off you and how they go about doing it.",,comment,r/GamblingAddiction
I totally agree about not learning I am in the same boat you need to fight the urges. Do other things as well it’s a one day at a time process. I be fighting urges all the time. I’m down a bunch in my lifetime n probably a bunch of other ppl to that has to be motivation for you to stop. It’s easier said then done just one day one focus. Stay up bro it’s a crazy cycle just like I said one day at a time.,,comment,r/GamblingAddiction
"Thanks man. 48 you figured would have learned. Great wife, three great boys and I’m destroying their lives. I’ve lost 7 digits easily with 50,000 this month alone. I make about 150,000 with overtime but live in NJ so that’s nothing. The regret and my thoughts will drive me to god knows what. There was just never enough money and I always thought by doing gambling. You can catch up and make it as I’m sure most do. Sad",,comment,r/GamblingAddiction
If you have a futures bet and you self excluded I assume you don’t get paid out if it hits ? This game is sickening at this point and I want to self exclude again but have a pending wager that is a meaningful amount of money. Tough situation but I hate these apps. I’ve lost too much.,,comment,r/GamblingAddiction
"I do bookeeping, editing anything i just really need this😭😭",,comment,r/GamblingAddiction
"It’s alright. You need to stop now, cut the costs now for everything get a good interest rate on the loans should not be a problem with 3.8k in. And get it payed off asap, meanwhile self exclude and work on changing your real problem, your behavior and relationship w money",,comment,r/GamblingAddiction
